fold,formation_start,formation_end,trading_start,trading_end,trace_stat,trace_critical,cointegrated,half_life_days,traded,skip_reason,weight_XOM,weight_CVX,entry_z,exit_z,stop_z,lookback,n_trials,is_sharpe,is_trades,is_deflated_sharpe,oos_return,oos_sharpe,oos_trades
0,2010-01-04,2011-12-30,2012-01-03,2012-07-02,4.460726954181316,15.4943,False,50.70999412274398,False,not cointegrated (trace 4.46 <= critical 15.49),0.5381003168508359,-0.4618996831491641,,,,,0,,0,,0.0,,0
1,2010-07-06,2012-07-02,2012-07-03,2013-01-03,13.958946820269299,15.4943,False,24.204237619264983,False,not cointegrated (trace 13.96 <= critical 15.49),0.45505666676317047,-0.5449433332368295,,,,,0,,0,,0.0,,0
2,2011-01-03,2013-01-03,2013-01-04,2013-07-05,12.51943854426982,15.4943,False,21.707877890541965,False,not cointegrated (trace 12.52 <= critical 15.49),0.3824639383377485,-0.6175360616622515,,,,,0,,0,,0.0,,0
3,2011-07-05,2013-07-05,2013-07-08,2014-01-03,6.16339172778483,15.4943,False,38.53475923670688,False,not cointegrated (trace 6.16 <= critical 15.49),0.5502491234318487,-0.4497508765681512,,,,,0,,0,,0.0,,0
4,2012-01-03,2014-01-03,2014-01-06,2014-07-07,4.54486395987842,15.4943,False,40.525700718263515,False,not cointegrated (trace 4.54 <= critical 15.49),0.6131907136414554,-0.38680928635854456,,,,,0,,0,,0.0,,0
5,2012-07-03,2014-07-07,2014-07-08,2015-01-05,4.512179459348581,15.4943,False,62.2467992337225,False,not cointegrated (trace 4.51 <= critical 15.49),0.4221687926917294,-0.5778312073082705,,,,,0,,0,,0.0,,0
6,2013-01-04,2015-01-05,2015-01-06,2015-07-07,9.809236694979834,15.4943,False,28.53466215501214,False,not cointegrated (trace 9.81 <= critical 15.49),0.1701599737527162,-0.8298400262472838,,,,,0,,0,,0.0,,0
7,2013-07-08,2015-07-07,2015-07-08,2016-01-05,5.052848195770741,15.4943,False,50.15808632993213,False,not cointegrated (trace 5.05 <= critical 15.49),0.7728447503134316,-0.22715524968656842,,,,,0,,0,,0.0,,0
8,2014-01-06,2016-01-05,2016-01-06,2016-07-06,13.174961275875233,15.4943,False,12.014084874748509,False,not cointegrated (trace 13.17 <= critical 15.49),0.6171582877199554,-0.38284171228004454,,,,,0,,0,,0.0,,0
9,2014-07-08,2016-07-06,2016-07-07,2017-01-04,11.113953623585576,15.4943,False,19.327756844986688,False,not cointegrated (trace 11.11 <= critical 15.49),0.6273797919029795,-0.37262020809702057,,,,,0,,0,,0.0,,0
10,2015-01-06,2017-01-04,2017-01-05,2017-07-06,9.48875160324724,15.4943,False,20.440527875472892,False,not cointegrated (trace 9.49 <= critical 15.49),0.6674150081562809,-0.3325849918437191,,,,,0,,0,,0.0,,0
11,2015-07-08,2017-07-06,2017-07-07,2018-01-04,7.918567479394179,15.4943,False,29.61189229397689,False,not cointegrated (trace 7.92 <= critical 15.49),0.7613671372266199,-0.2386328627733801,,,,,0,,0,,0.0,,0
12,2016-01-06,2018-01-04,2018-01-05,2018-07-06,9.086966822411302,15.4943,False,25.7992286370349,False,not cointegrated (trace 9.09 <= critical 15.49),0.9954898437875289,-0.004510156212471037,,,,,0,,0,,0.0,,0
13,2016-07-07,2018-07-06,2018-07-09,2019-01-07,14.885338907334502,15.4943,False,19.766022900464105,False,not cointegrated (trace 14.89 <= critical 15.49),0.9993500170255101,-0.0006499829744898534,,,,,0,,0,,0.0,,0
14,2017-01-05,2019-01-07,2019-01-08,2019-07-09,12.254023616016962,15.4943,False,21.366831516459012,False,not cointegrated (trace 12.25 <= critical 15.49),0.9377018697698841,-0.062298130230115926,,,,,0,,0,,0.0,,0
15,2017-07-07,2019-07-09,2019-07-10,2020-01-07,19.88799238035954,15.4943,True,24.052043922181095,True,,0.3634667880562814,0.6365332119437186,2.0,0.5,4.0,60.0,1,1.1441565349213096,9,0.9575119846298802,0.09620892289121197,2.3415376030136654,2
16,2018-01-05,2020-01-07,2020-01-08,2020-07-08,16.680488929703568,15.4943,True,14.80648331037408,True,,0.31970507268029663,0.6802949273197033,2.0,0.5,4.0,60.0,1,1.459147037313553,8,0.9852542392997287,-0.27873300822503133,-0.7338515589841734,1
17,2018-07-09,2020-07-08,2020-07-09,2021-01-06,10.894874915393025,15.4943,False,10.73600393512262,False,not cointegrated (trace 10.89 <= critical 15.49),0.35557814865779924,-0.6444218513422008,,,,,0,,0,,0.0,,0
18,2019-01-08,2021-01-06,2021-01-07,2021-07-08,15.481358243824436,15.4943,False,8.160307835450277,False,not cointegrated (trace 15.48 <= critical 15.49),0.37274658991434445,-0.6272534100856555,,,,,0,,0,,0.0,,0
19,2019-07-10,2021-07-08,2021-07-09,2022-01-05,19.60946875928924,15.4943,True,6.622111165028018,True,,0.3933801659502845,-0.6066198340497155,2.0,0.5,4.0,60.0,1,0.4481257462961539,13,0.7126367364967696,-0.05639165323639428,-2.529845064346295,1
20,2020-01-08,2022-01-05,2022-01-06,2022-07-08,13.305783218600574,15.4943,False,9.471592522015678,False,not cointegrated (trace 13.31 <= critical 15.49),0.40721986011316486,-0.5927801398868352,,,,,0,,0,,0.0,,0
21,2020-07-09,2022-07-08,2022-07-11,2023-01-06,3.458124094445902,15.4943,False,72.07333007902712,False,not cointegrated (trace 3.46 <= critical 15.49),0.43807268775600205,-0.5619273122439981,,,,,0,,0,,0.0,,0
22,2021-01-07,2023-01-06,2023-01-09,2023-07-11,6.0802895184645935,15.4943,False,44.637710288214485,False,not cointegrated (trace 6.08 <= critical 15.49),0.4840200176410833,-0.5159799823589167,,,,,0,,0,,0.0,,0
23,2021-07-09,2023-07-11,2023-07-12,2024-01-09,6.383706230191383,15.4943,False,75.92625132963845,False,not cointegrated (trace 6.38 <= critical 15.49),0.33745800075368926,-0.6625419992463107,,,,,0,,0,,0.0,,0
24,2022-01-06,2024-01-09,2024-01-10,2024-07-11,15.37370460150068,15.4943,False,22.039248286939873,False,not cointegrated (trace 15.37 <= critical 15.49),0.10554902367329659,0.8944509763267035,,,,,0,,0,,0.0,,0
25,2022-07-11,2024-07-11,2024-07-12,2024-12-31,17.679140166318657,15.4943,True,17.628753477559574,True,,0.16606765637330348,0.8339323436266964,2.0,0.5,4.0,60.0,1,0.5259422499371627,8,0.7739479474807752,0.07183178674119417,1.4733190495288544,4
