date,equity,return,gross_exposure,net_exposure,zscore
2022-10-03,100000.0,,0.0,0.0,-1.4788542614070774
2022-10-04,99950.0,-0.0004999999999999449,1.0005002501250626,0.6153591455550692,-1.1923211088171657
2022-10-05,98145.16400160542,-0.01805738867828499,0.9939800964719573,0.6082897012861983,-1.4078321397942004
2022-10-06,97387.03159643884,-0.0077246027644741755,0.9993390299631099,0.6052441958034122,-1.4860644259591747
2022-10-07,94236.95015029966,-0.032346005361296726,0.9734106807261416,0.5920526379131995,-1.8859643255525171
2022-10-10,93508.57896704508,-0.007729146392077557,0.0,0.0,-1.94565370263426
2022-10-11,93508.57896704508,0.0,0.0,0.0,-1.9704469531851805
2022-10-12,93508.57896704508,0.0,0.0,0.0,-1.9897197684045433
2022-10-13,93508.57896704508,0.0,0.0,0.0,-1.9352411968515177
2022-10-14,93508.57896704508,0.0,0.0,0.0,-2.5900057185117267
2022-10-17,93508.57896704508,0.0,0.0,0.0,-2.0859706285980555
2022-10-18,93508.57896704508,0.0,0.0,0.0,-1.9154759959265062
2022-10-19,93508.57896704508,0.0,0.0,0.0,-2.165705667978218
2022-10-20,93508.57896704508,0.0,0.0,0.0,-2.4837487874845854
2022-10-21,93508.57896704508,0.0,0.0,0.0,-2.3008592436702053
2022-10-24,93508.57896704508,0.0,0.0,0.0,-2.301588689015459
2022-10-25,93508.57896704508,0.0,0.0,0.0,-1.896953705450787
2022-10-26,93508.57896704508,0.0,0.0,0.0,-1.8799635171738036
2022-10-27,93508.57896704508,0.0,0.0,0.0,-1.8179849344592307
2022-10-28,93508.57896704508,0.0,0.0,0.0,-1.6845637183950652
2022-10-31,93508.57896704508,0.0,0.0,0.0,-1.6286002604560843
2022-11-01,93508.57896704508,0.0,0.0,0.0,-1.6043380025407983
2022-11-02,93508.57896704508,0.0,0.0,0.0,-1.9348090443946682
2022-11-03,93508.57896704508,0.0,0.0,0.0,-1.901303710282555
2022-11-04,93508.57896704508,0.0,0.0,0.0,-2.0563238926531233
2022-11-07,93508.57896704508,0.0,0.0,0.0,-2.5334703669830523
2022-11-08,93508.57896704508,0.0,0.0,0.0,-2.6059091936137424
2022-11-09,93508.57896704508,0.0,0.0,0.0,-2.926628638977788
2022-11-10,93508.57896704508,0.0,0.0,0.0,-2.4327889177663056
2022-11-11,93508.57896704508,0.0,0.0,0.0,-2.142931768628071
2022-11-14,93508.57896704508,0.0,0.0,0.0,-2.3606599472907104
2022-11-15,93508.57896704508,0.0,0.0,0.0,-2.230086915618089
2022-11-16,93508.57896704508,0.0,0.0,0.0,-2.42787315788025
2022-11-17,93508.57896704508,0.0,0.0,0.0,-2.5244140776646438
2022-11-18,93508.57896704508,0.0,0.0,0.0,-2.56653077231809
2022-11-21,93508.57896704508,0.0,0.0,0.0,-2.8836820082156702
2022-11-22,93508.57896704508,0.0,0.0,0.0,-2.7547173555110267
2022-11-23,93508.57896704508,0.0,0.0,0.0,-2.3282001080590704
2022-11-25,93508.57896704508,0.0,0.0,0.0,-2.2810272738107034
2022-11-28,93508.57896704508,0.0,0.0,0.0,-2.2397735990433083
2022-11-29,93508.57896704508,0.0,0.0,0.0,-2.263518051460183
2022-11-30,93508.57896704508,0.0,0.0,0.0,-1.9125797725944216
2022-12-01,93508.57896704508,0.0,0.0,0.0,-1.8562279809303264
2022-12-02,93508.57896704508,0.0,0.0,0.0,-1.8824237933314392
2022-12-05,93508.57896704508,0.0,0.0,0.0,-2.211431018486367
2022-12-06,93508.57896704508,0.0,0.0,0.0,-2.2476651738621123
2022-12-07,93508.57896704508,0.0,0.0,0.0,-2.3466363428179045
2022-12-08,93508.57896704508,0.0,0.0,0.0,-2.3218729369427074
2022-12-09,93508.57896704508,0.0,0.0,0.0,-2.1963084237809603
2022-12-12,93508.57896704508,0.0,0.0,0.0,-2.378974424359589
2022-12-13,93508.57896704508,0.0,0.0,0.0,-2.4805739275792345
2022-12-14,93508.57896704508,0.0,0.0,0.0,-2.5541481389956515
2022-12-15,93508.57896704508,0.0,0.0,0.0,-2.425949575320084
2022-12-16,93508.57896704508,0.0,0.0,0.0,-2.5912551460894737
2022-12-19,93508.57896704508,0.0,0.0,0.0,-2.6546411153469243
2022-12-20,93508.57896704508,0.0,0.0,0.0,-2.919798386522624
2022-12-21,93508.57896704508,0.0,0.0,0.0,-2.8479732936094
2022-12-22,93508.57896704508,0.0,0.0,0.0,-3.144303748124829
2022-12-23,93508.57896704508,0.0,0.0,0.0,-3.0977261798039613
2022-12-27,93508.57896704508,0.0,0.0,0.0,-3.4179519441458313
2022-12-28,93508.57896704508,0.0,0.0,0.0,-3.131308449175791
2022-12-29,93508.57896704508,0.0,0.0,0.0,-2.758173047161722
2022-12-30,93508.57896704508,0.0,0.0,0.0,-2.651377412411966
2023-01-03,93508.57896704508,0.0,0.0,0.0,-2.986617019545067
2023-01-04,93508.57896704508,0.0,0.0,0.0,-2.7517251119464294
2023-01-05,93508.57896704508,0.0,0.0,0.0,-2.8042131113196502
2023-01-06,93508.57896704508,0.0,0.0,0.0,-2.653590957862408
2023-01-09,93508.57896704508,0.0,0.0,0.0,-2.398260961918921
2023-01-10,93508.57896704508,0.0,0.0,0.0,-2.3652893107996906
2023-01-11,93508.57896704508,0.0,0.0,0.0,-2.165294179450183
2023-01-12,93508.57896704508,0.0,0.0,0.0,-2.1166647145926247
2023-01-13,93508.57896704508,0.0,0.0,0.0,-2.1138729647683174
2023-01-17,93508.57896704508,0.0,0.0,0.0,-1.8446545121328752
2023-01-18,93508.57896704508,0.0,0.0,0.0,-1.8931250763440202
2023-01-19,93508.57896704508,0.0,0.0,0.0,-1.8889086072374248
2023-01-20,93508.57896704508,0.0,0.0,0.0,-1.7571625017783488
2023-01-23,93508.57896704508,0.0,0.0,0.0,-1.5199666860738839
2023-01-24,93508.57896704508,0.0,0.0,0.0,-1.560418406575275
2023-01-25,93508.57896704508,0.0,0.0,0.0,-1.5091610647618177
2023-01-26,93508.57896704508,0.0,0.0,0.0,-1.2086515558013506
2023-01-27,93508.57896704508,0.0,0.0,0.0,-0.8715536436654745
2023-01-30,93508.57896704508,0.0,0.0,0.0,-1.036125342019171
2023-01-31,93461.82467756156,-0.0004999999999999449,1.0005002501250626,0.6153591455550692,-0.8721855141652475
2023-02-01,96758.52237794864,0.03527320070799522,1.009034095379679,0.6284680861654716,-0.7106863062593752
2023-02-02,100796.18049870942,0.04172922468771567,1.0136209084082,0.6433544057579235,-0.5268737214078782
2023-02-03,99773.51908064297,-0.010145835020797689,0.0,0.0,-0.5608093120121204
2023-02-06,99773.51908064297,0.0,0.0,0.0,-0.49222087077381527
2023-02-07,99773.51908064297,0.0,0.0,0.0,-0.46046586697611247
2023-02-08,99773.51908064297,0.0,0.0,0.0,-0.4174749223772296
2023-02-09,99773.51908064297,0.0,0.0,0.0,-0.35728324823712715
2023-02-10,99773.51908064297,0.0,0.0,0.0,-0.5053635398072255
2023-02-13,99773.51908064297,0.0,0.0,0.0,-0.541452973519104
2023-02-14,99773.51908064297,0.0,0.0,0.0,-0.15568687573712736
2023-02-15,99773.51908064297,0.0,0.0,0.0,0.000386090369537085
2023-02-16,99773.51908064297,0.0,0.0,0.0,-0.16359850420071181
2023-02-17,99773.51908064297,0.0,0.0,0.0,-0.12600656948192526
2023-02-21,99773.51908064297,0.0,0.0,0.0,-0.3197597250040562
2023-02-22,99773.51908064297,0.0,0.0,0.0,-0.27353299586789176
2023-02-23,99773.51908064297,0.0,0.0,0.0,-0.2451129580904282
2023-02-24,99773.51908064297,0.0,0.0,0.0,-0.29933830483386964
2023-02-27,99773.51908064297,0.0,0.0,0.0,-0.17451203100431445
2023-02-28,99773.51908064297,0.0,0.0,0.0,-0.21513088553014303
2023-03-01,99773.51908064297,0.0,0.0,0.0,-0.2430718573637455
2023-03-02,99773.51908064297,0.0,0.0,0.0,-0.3564999240813649
2023-03-03,99773.51908064297,0.0,0.0,0.0,-0.2186631474763363
2023-03-06,99773.51908064297,0.0,0.0,0.0,-0.26429501763711466
2023-03-07,99773.51908064297,0.0,0.0,0.0,-0.333614784299919
2023-03-08,99773.51908064297,0.0,0.0,0.0,-0.43811698803978794
2023-03-09,99773.51908064297,0.0,0.0,0.0,-0.5849220203065402
2023-03-10,99773.51908064297,0.0,0.0,0.0,-0.599360020615466
2023-03-13,99773.51908064297,0.0,0.0,0.0,-0.5051602458412231
2023-03-14,99773.51908064297,0.0,0.0,0.0,-0.3644997435392605
2023-03-15,99773.51908064297,0.0,0.0,0.0,-0.42427761220279037
2023-03-16,99773.51908064297,0.0,0.0,0.0,-0.3681146930596105
2023-03-17,99773.51908064297,0.0,0.0,0.0,-0.41383593731089163
2023-03-20,99773.51908064297,0.0,0.0,0.0,-0.3349103536239343
2023-03-21,99773.51908064297,0.0,0.0,0.0,-0.0682385124135165
2023-03-22,99773.51908064297,0.0,0.0,0.0,-0.14564043411692157
2023-03-23,99773.51908064297,0.0,0.0,0.0,-0.1843310202886607
2023-03-24,99773.51908064297,0.0,0.0,0.0,-0.24187470983228734
2023-03-27,99773.51908064297,0.0,0.0,0.0,-0.2304099402713583
2023-03-28,99773.51908064297,0.0,0.0,0.0,-0.25465760083310657
2023-03-29,99773.51908064297,0.0,0.0,0.0,-0.16785406008798945
2023-03-30,99773.51908064297,0.0,0.0,0.0,-0.16539949823623915
2023-03-31,99773.51908064297,0.0,0.0,0.0,0.04643198690482328
2023-04-03,99773.51908064297,0.0,0.0,0.0,-0.15159078099335735
2023-04-04,99773.51908064297,0.0,0.0,0.0,
2023-04-05,99773.51908064297,0.0,0.0,0.0,
2023-04-06,99773.51908064297,0.0,0.0,0.0,
2023-04-10,99773.51908064297,0.0,0.0,0.0,
2023-04-11,99773.51908064297,0.0,0.0,0.0,
2023-04-12,99773.51908064297,0.0,0.0,0.0,
2023-04-13,99773.51908064297,0.0,0.0,0.0,
2023-04-14,99773.51908064297,0.0,0.0,0.0,
2023-04-17,99773.51908064297,0.0,0.0,0.0,
2023-04-18,99773.51908064297,0.0,0.0,0.0,
2023-04-19,99773.51908064297,0.0,0.0,0.0,
2023-04-20,99773.51908064297,0.0,0.0,0.0,
2023-04-21,99773.51908064297,0.0,0.0,0.0,
2023-04-24,99773.51908064297,0.0,0.0,0.0,
2023-04-25,99773.51908064297,0.0,0.0,0.0,
2023-04-26,99773.51908064297,0.0,0.0,0.0,
2023-04-27,99773.51908064297,0.0,0.0,0.0,
2023-04-28,99773.51908064297,0.0,0.0,0.0,
2023-05-01,99773.51908064297,0.0,0.0,0.0,
2023-05-02,99773.51908064297,0.0,0.0,0.0,
2023-05-03,99773.51908064297,0.0,0.0,0.0,
2023-05-04,99773.51908064297,0.0,0.0,0.0,
2023-05-05,99773.51908064297,0.0,0.0,0.0,
2023-05-08,99773.51908064297,0.0,0.0,0.0,
2023-05-09,99773.51908064297,0.0,0.0,0.0,
2023-05-10,99773.51908064297,0.0,0.0,0.0,
2023-05-11,99773.51908064297,0.0,0.0,0.0,
2023-05-12,99773.51908064297,0.0,0.0,0.0,
2023-05-15,99773.51908064297,0.0,0.0,0.0,
2023-05-16,99773.51908064297,0.0,0.0,0.0,
2023-05-17,99773.51908064297,0.0,0.0,0.0,
2023-05-18,99773.51908064297,0.0,0.0,0.0,
2023-05-19,99773.51908064297,0.0,0.0,0.0,
2023-05-22,99773.51908064297,0.0,0.0,0.0,
2023-05-23,99773.51908064297,0.0,0.0,0.0,
2023-05-24,99773.51908064297,0.0,0.0,0.0,
2023-05-25,99773.51908064297,0.0,0.0,0.0,
2023-05-26,99773.51908064297,0.0,0.0,0.0,
2023-05-30,99773.51908064297,0.0,0.0,0.0,
2023-05-31,99773.51908064297,0.0,0.0,0.0,
2023-06-01,99773.51908064297,0.0,0.0,0.0,
2023-06-02,99773.51908064297,0.0,0.0,0.0,
2023-06-05,99773.51908064297,0.0,0.0,0.0,
2023-06-06,99773.51908064297,0.0,0.0,0.0,
2023-06-07,99773.51908064297,0.0,0.0,0.0,
2023-06-08,99773.51908064297,0.0,0.0,0.0,
2023-06-09,99773.51908064297,0.0,0.0,0.0,
2023-06-12,99773.51908064297,0.0,0.0,0.0,
2023-06-13,99773.51908064297,0.0,0.0,0.0,
2023-06-14,99773.51908064297,0.0,0.0,0.0,
2023-06-15,99773.51908064297,0.0,0.0,0.0,
2023-06-16,99773.51908064297,0.0,0.0,0.0,
2023-06-20,99773.51908064297,0.0,0.0,0.0,
2023-06-21,99773.51908064297,0.0,0.0,0.0,
2023-06-22,99773.51908064297,0.0,0.0,0.0,
2023-06-23,99773.51908064297,0.0,0.0,0.0,
2023-06-26,99773.51908064297,0.0,0.0,0.0,
2023-06-27,99773.51908064297,0.0,0.0,0.0,
2023-06-28,99773.51908064297,0.0,0.0,0.0,
2023-06-29,99773.51908064297,0.0,0.0,0.0,
2023-06-30,99773.51908064297,0.0,0.0,0.0,
2023-07-03,99773.51908064297,0.0,0.0,0.0,
2023-07-05,99773.51908064297,0.0,0.0,0.0,
2023-07-06,99773.51908064297,0.0,0.0,0.0,
2023-07-07,99773.51908064297,0.0,0.0,0.0,
2023-07-10,99773.51908064297,0.0,0.0,0.0,
2023-07-11,99773.51908064297,0.0,0.0,0.0,
2023-07-12,99773.51908064297,0.0,0.0,0.0,
2023-07-13,99773.51908064297,0.0,0.0,0.0,
2023-07-14,99773.51908064297,0.0,0.0,0.0,
2023-07-17,99773.51908064297,0.0,0.0,0.0,
2023-07-18,99773.51908064297,0.0,0.0,0.0,
2023-07-19,99773.51908064297,0.0,0.0,0.0,
2023-07-20,99773.51908064297,0.0,0.0,0.0,
2023-07-21,99773.51908064297,0.0,0.0,0.0,
2023-07-24,99773.51908064297,0.0,0.0,0.0,
2023-07-25,99773.51908064297,0.0,0.0,0.0,
2023-07-26,99773.51908064297,0.0,0.0,0.0,
2023-07-27,99773.51908064297,0.0,0.0,0.0,
2023-07-28,99773.51908064297,0.0,0.0,0.0,
2023-07-31,99773.51908064297,0.0,0.0,0.0,
2023-08-01,99773.51908064297,0.0,0.0,0.0,
2023-08-02,99773.51908064297,0.0,0.0,0.0,
2023-08-03,99773.51908064297,0.0,0.0,0.0,
2023-08-04,99773.51908064297,0.0,0.0,0.0,
2023-08-07,99773.51908064297,0.0,0.0,0.0,
2023-08-08,99773.51908064297,0.0,0.0,0.0,
2023-08-09,99773.51908064297,0.0,0.0,0.0,
2023-08-10,99773.51908064297,0.0,0.0,0.0,
2023-08-11,99773.51908064297,0.0,0.0,0.0,
2023-08-14,99773.51908064297,0.0,0.0,0.0,
2023-08-15,99773.51908064297,0.0,0.0,0.0,
2023-08-16,99773.51908064297,0.0,0.0,0.0,
2023-08-17,99773.51908064297,0.0,0.0,0.0,
2023-08-18,99773.51908064297,0.0,0.0,0.0,
2023-08-21,99773.51908064297,0.0,0.0,0.0,
2023-08-22,99773.51908064297,0.0,0.0,0.0,
2023-08-23,99773.51908064297,0.0,0.0,0.0,
2023-08-24,99773.51908064297,0.0,0.0,0.0,
2023-08-25,99773.51908064297,0.0,0.0,0.0,
2023-08-28,99773.51908064297,0.0,0.0,0.0,
2023-08-29,99773.51908064297,0.0,0.0,0.0,
2023-08-30,99773.51908064297,0.0,0.0,0.0,
2023-08-31,99773.51908064297,0.0,0.0,0.0,
2023-09-01,99773.51908064297,0.0,0.0,0.0,
2023-09-05,99773.51908064297,0.0,0.0,0.0,
2023-09-06,99773.51908064297,0.0,0.0,0.0,
2023-09-07,99773.51908064297,0.0,0.0,0.0,
2023-09-08,99773.51908064297,0.0,0.0,0.0,
2023-09-11,99773.51908064297,0.0,0.0,0.0,
2023-09-12,99773.51908064297,0.0,0.0,0.0,
2023-09-13,99773.51908064297,0.0,0.0,0.0,
2023-09-14,99773.51908064297,0.0,0.0,0.0,
2023-09-15,99773.51908064297,0.0,0.0,0.0,
2023-09-18,99773.51908064297,0.0,0.0,0.0,
2023-09-19,99773.51908064297,0.0,0.0,0.0,
2023-09-20,99773.51908064297,0.0,0.0,0.0,
2023-09-21,99773.51908064297,0.0,0.0,0.0,
2023-09-22,99773.51908064297,0.0,0.0,0.0,
2023-09-25,99773.51908064297,0.0,0.0,0.0,
2023-09-26,99773.51908064297,0.0,0.0,0.0,
2023-09-27,99773.51908064297,0.0,0.0,0.0,
2023-09-28,99773.51908064297,0.0,0.0,0.0,
2023-09-29,99773.51908064297,0.0,0.0,0.0,
2023-10-02,99773.51908064297,0.0,0.0,0.0,
2023-10-03,99773.51908064297,0.0,0.0,0.0,
2023-10-04,99773.51908064297,0.0,0.0,0.0,-0.12472374015236883
2023-10-05,99773.51908064297,0.0,0.0,0.0,-0.2570344290800994
2023-10-06,99773.51908064297,0.0,0.0,0.0,-0.47323560656177294
2023-10-09,99773.51908064297,0.0,0.0,0.0,-0.8618242530746634
2023-10-10,99773.51908064297,0.0,0.0,0.0,-0.9287212316835689
2023-10-11,99773.51908064297,0.0,0.0,0.0,-1.0863040098371097
2023-10-12,99723.63232110265,-0.000500000000000056,1.0005002501250628,0.3634477581041911,-1.3112359267633118
2023-10-13,99026.15928540535,-0.006994059677363995,0.9797691778702962,0.35897068075565475,-1.4621020821448476
2023-10-16,99833.89100225025,0.00815675092999335,0.9799389694154227,0.36416320186541223,-1.2623183045642985
2023-10-17,98850.34655492638,-0.009851809214785678,0.9969409827001993,0.35784290153196774,-1.4792875826635439
2023-10-18,97225.1558659905,-0.01644092049826895,0.9735857855981229,0.3471152149450923,-1.8460886482344614
2023-10-19,96679.0026689681,-0.005617406237694134,0.968314785786564,0.3434332276484419,-2.066812073021526
2023-10-20,96847.75513889645,0.0017454924572004593,0.9336398183330282,0.34458345151195907,-2.0232532708707573
2023-10-23,97050.9082912579,0.0020976547372739685,0.9370684938645415,0.34596124282247626,-1.955243516600235
2023-10-24,97478.72080094891,0.004408124738071617,0.9533347781209885,0.34883751245157923,-1.8196360074018103
2023-10-25,98451.29202982239,0.009977267047435623,0.9160341920126138,0.35527609204974847,-1.5654219260247817
2023-10-26,97325.60067882479,-0.011433992665699222,0.9041531089374176,0.3478246873849463,-1.8208263715487554
2023-10-27,97657.97922933158,0.0034151194360838577,0.8965073326624914,0.35004986385853454,-1.6838365435079123
2023-10-30,97257.20948516576,-0.0041038095128375085,0.8822502409819201,0.3473770447716198,-1.8450771016849092
2023-10-31,97784.72468195333,0.005423918695385055,0.886874331130593,0.3509030004045524,-1.6814900300008488
2023-11-01,98942.70123242572,0.011842100637279751,0.8924984023366634,0.3585049663275173,-1.384664143771863
2023-11-02,96126.74672582408,-0.028460457128481886,1.0017132895881538,0.3397183461801839,-1.976920633720955
2023-11-03,95210.0044733593,-0.009536807222651045,1.0359545359956965,0.3333673666780168,-2.130772834248616
2023-11-06,95844.95081831177,0.006668903635333123,1.0227918048781905,0.3377905478118729,-1.972776634020447
2023-11-07,95901.27289121115,0.0005876373498916454,1.0323857813127881,0.33818624993747304,-1.9034003954458711
2023-11-08,96557.2038035282,0.006839647614074185,1.0208034917497073,0.34268891304518084,-1.7459931671215019
2023-11-09,94669.21296739035,-0.019553081093560576,1.0129959280220666,0.32958700062948165,-2.187072474437838
2023-11-10,93745.39339800166,-0.00975839494627373,1.066015396788876,0.32298722241257993,-2.287658051062817
2023-11-13,95153.86835252534,0.015024471107011328,1.06653407892695,0.33301568036304846,-1.9023284259518445
2023-11-14,97455.28602747714,0.024186275500913013,1.0733274673401836,0.3487736961301264,-1.3619511288968766
2023-11-15,99200.43749162756,0.017907201705389175,1.0724015220088805,0.36023724486339753,-1.0184632020842188
2023-11-16,98145.15955765061,-0.010637835484001879,1.066692497953469,0.35336551875543204,-1.2616452065016348
2023-11-17,96936.38075847102,-0.012316234490092781,1.0938337520065913,0.34530927087356067,-1.4496623445310164
2023-11-20,96170.10535359311,-0.007904931037060026,1.1258878549507592,0.3401002345746074,-1.5550624755901798
2023-11-21,99934.70004564094,0.039145165519018255,1.0665828955688184,0.3649665207423723,-0.8583994089684154
2023-11-22,99047.60177422296,-0.008876779246976718,1.0632535206481994,0.3592860045239921,-1.0545106860524363
2023-11-24,100230.23255418877,0.011940024380010739,1.0452020547873067,0.36685278155310763,-0.8262283734857924
2023-11-27,100532.68637121601,0.0030175906941423136,1.0408458160484535,0.3687643221159894,-0.7568823579018589
2023-11-28,101326.09003296017,0.00789199702487342,1.0625501783123659,0.37371363968346455,-0.5488578780366133
2023-11-29,100522.99070281348,-0.007925888879018794,1.0676364440651216,0.36871699442589073,-0.6932541047837084
2023-11-30,99228.0618895842,-0.012881916904537771,1.0760204717982078,0.36048575883665485,-0.9305476711108587
2023-12-01,98126.85361882672,-0.011097750472873869,1.0848201811330729,0.3533161210721436,-1.1080349188556688
2023-12-04,100152.43334642252,0.020642460783101724,1.0169920636657206,0.36640239183566586,-0.7266025531316153
2023-12-05,100969.07245388239,0.008153961717886071,1.0133538045222537,0.3715333391914835,-0.5485581023871193
2023-12-06,102660.63699271856,0.016753293832710847,0.9727817397210188,0.3818950011236479,-0.17510123823425605
2023-12-07,103351.02120744574,0.006724916530336245,0.0,0.0,-0.023965271556071532
2023-12-08,103351.02120744574,0.0,0.0,0.0,-0.15579293829761207
2023-12-11,103351.02120744574,0.0,0.0,0.0,-0.2525848961750316
2023-12-12,103351.02120744574,0.0,0.0,0.0,-0.2279967040001209
2023-12-13,103351.02120744574,0.0,0.0,0.0,-0.11260602038675059
2023-12-14,103351.02120744574,0.0,0.0,0.0,0.1328622099262936
2023-12-15,103351.02120744574,0.0,0.0,0.0,0.2509822842630468
2023-12-18,103351.02120744574,0.0,0.0,0.0,0.4548978045428557
2023-12-19,103351.02120744574,0.0,0.0,0.0,0.684241990319611
2023-12-20,103351.02120744574,0.0,0.0,0.0,0.509210918470481
2023-12-21,103351.02120744574,0.0,0.0,0.0,0.6758640746405866
2023-12-22,103351.02120744574,0.0,0.0,0.0,0.6202017733995789
2023-12-26,103351.02120744574,0.0,0.0,0.0,0.7049235012489093
2023-12-27,103351.02120744574,0.0,0.0,0.0,0.9545205108605128
2023-12-28,103351.02120744574,0.0,0.0,0.0,0.5993892374158495
2023-12-29,103351.02120744574,0.0,0.0,0.0,0.5294386804816197
2024-01-02,103351.02120744574,0.0,0.0,0.0,0.5823047934923838
2024-01-03,103351.02120744574,0.0,0.0,0.0,0.40070660217813864
2024-01-04,103351.02120744574,0.0,0.0,0.0,0.35333276666345403
2024-01-05,103351.02120744574,0.0,0.0,0.0,0.4341822550266459
2024-01-08,103351.02120744574,0.0,0.0,0.0,0.37621445595712294
2024-01-09,103351.02120744574,0.0,0.0,0.0,0.24298814718378006
2024-01-10,103351.02120744574,0.0,0.0,0.0,0.016325530942115765
2024-01-11,103351.02120744574,0.0,0.0,0.0,-0.09883970230136804
2024-01-12,103351.02120744574,0.0,0.0,0.0,-0.4903562988699875
2024-01-16,103351.02120744574,0.0,0.0,0.0,-0.45760497923983023
2024-01-17,103351.02120744574,0.0,0.0,0.0,-0.6044275030445679
2024-01-18,103351.02120744574,0.0,0.0,0.0,-0.7310551503239835
2024-01-19,103351.02120744574,0.0,0.0,0.0,-0.8895700591112518
2024-01-22,103351.02120744574,0.0,0.0,0.0,-1.3261317733796458
2024-01-23,103299.34569684202,-0.0004999999999999449,1.0005002501250626,0.36344775810419105,-1.1567518068281102
2024-01-24,106459.04744959148,0.03058781961719692,0.9798034835737994,0.38234674443653915,-0.5579782554163661
2024-01-25,101947.93621024842,-0.04237414618498336,0.9681142181617943,0.3550222918975399,-1.5415230298227702
2024-01-26,102677.13199777734,0.007152629220714024,0.9642786380184091,0.359608854578144,-1.4050815791225906
2024-01-29,103288.82326394488,0.005957424542991641,0.9917013834210782,0.3634073062241028,-1.262563284031247
2024-01-30,103525.14929101817,0.002288011612537888,0.9788885607493003,0.36486673159388766,-1.2037173135354309
2024-01-31,103820.47103874433,0.0028526570572333654,0.955180573583794,0.36667946936150486,-1.1585505758642882
2024-02-01,103879.81576617742,0.0005716091136875878,0.963985129390422,0.36704710930696527,-1.1534908018319467
2024-02-02,102220.69237152436,-0.01597156658794585,0.9890387357152906,0.3567797970083393,-1.495478801142909
2024-02-05,101089.4352591741,-0.011066811289427214,0.9776532591237296,0.34958808347790077,-1.7434297609195155
2024-02-06,91968.18398837786,-0.09022952049747923,1.188083311598985,0.28508816193680075,-3.2258935756088194
2024-02-07,89409.71979141048,-0.02781901398956299,1.2669488452460371,0.26464013381731666,-3.423765719416146
2024-02-08,88104.54311935842,-0.014597704534775158,1.3101343760486108,0.25375663723544645,-3.429180928263778
2024-02-09,89403.13394196451,0.014739203866557027,1.3001183221658987,0.2646062357862725,-3.0866236969507415
2024-02-12,86716.16018382045,-0.030054581306828587,1.3387675864441473,0.24183002764510103,-3.368160499277481
2024-02-13,87589.7759742426,0.010074428901951649,1.290312261164245,0.24940274860532852,-3.2120221107332276
2024-02-14,87545.82390718079,-0.0005017944911143157,1.341650774594345,0.24903624561361054,-3.0094008714355494
2024-02-15,90476.42647867184,0.03347506986282034,1.3398282931532777,0.27337104023591274,-2.4440066174391615
2024-02-16,91775.06935488002,0.014353383823291432,1.2948952736765276,0.28366347328358155,-2.2682916967161706
2024-02-20,91921.40021452657,0.0015944510930383515,1.2514731666896484,0.28481383470806887,-2.2835082438129173
2024-02-21,93327.44262853487,0.015296137903979767,1.2208400127440668,0.29559805388992555,-2.0712380232776555
2024-02-22,93001.39274470648,-0.0034936121107074225,1.256329404953834,0.29313773029155704,-2.0338359713659147
2024-02-23,92699.13524637664,-0.0032500319555380797,1.2317772952183021,0.2908425012320146,-2.094889242019929
2024-02-26,93480.14978060819,0.008425262351755114,1.2538167116451648,0.29677667689165077,-1.8955408395766586
2024-02-27,92342.56299839499,-0.0121692871147836,1.2968413561152077,0.2881231374051519,-1.9716292727215916
2024-02-28,92852.11434871456,0.0055180550958762176,1.2907237087418304,0.29203970842494137,-1.864522650160237
2024-02-29,91849.84894150391,-0.010794212003041204,1.3211920849229952,0.28432446252744026,-1.9302721622099022
2024-03-01,93045.77073636184,0.013020400236254837,1.310952302252475,0.2935332290243011,-1.7617380018919848
2024-03-04,91223.13698036113,-0.01958857174889772,1.2801279065423272,0.27942835306120606,-2.0862158947380407
2024-03-05,89170.09947160911,-0.02250566661826159,1.2767931069413263,0.2628481877015041,-2.3579294971367672
2024-03-06,83699.52622561567,-0.06134986142675791,1.401510137763126,0.21467890641172682,-2.8828155888046956
2024-03-07,84102.19591770084,0.004810895715224861,1.413144731033232,0.21845063303186915,-2.735016107118579
2024-03-08,83967.50670411273,-0.0016014946116259532,1.394825577829389,0.2172088493460565,-2.739180108205578
2024-03-11,85664.26913063237,0.0202073694113456,1.3564305831155066,0.2327251386157272,-2.496354895416922
2024-03-12,87299.35483458488,0.01908713773602755,1.3214924181485408,0.24710686152184308,-2.294121741500197
2024-03-13,84791.32413441347,-0.02872908631368054,1.3444479348853235,0.2248481146894142,-2.5856679416716832
2024-03-14,84417.64573440053,-0.004407035788479674,1.3203439470321137,0.22142802728281585,-2.6650995907836426
2024-03-15,86129.25863333537,0.020275534623649838,1.2725455215503698,0.23691096732930608,-2.4396706789185876
2024-03-18,88087.38609824075,0.022734753508577343,1.28848227402827,0.25388400472305783,-2.0681913581735425
2024-03-19,87997.92071709508,-0.0010156435002610653,1.280155390768483,0.25313572074397356,-2.0757790986083386
2024-03-20,87850.61883054918,-0.0016739246262359453,1.3139181826221773,0.25189363576503954,-1.9944059202364957
2024-03-21,87121.34113611735,-0.008301338159478422,1.3130696635972694,0.24564199079512497,-2.0670121964837747
2024-03-22,87486.32614076171,0.0041893868928637445,1.2983187609082711,0.24879964925868142,-2.023846341478707
2024-03-25,87250.57180212245,-0.002694756415533406,1.3134974303451448,0.2467803175831314,-1.9831568464235578
2024-03-26,87773.81794573435,0.005997051168886269,1.3280787211092215,0.2512810062110399,-1.8398697286634496
2024-03-27,88289.57661414435,0.005875996743457845,1.3098292242480905,0.2556653964346458,-1.7491210258617762
2024-03-28,89924.09270441331,0.018513126384243073,1.2408661865245065,0.26920515179490284,-1.6354921037803922
2024-04-01,90389.15472864576,0.005171717725984015,1.233334933969837,0.27297476060710096,-1.5759871098975826
2024-04-02,88662.60780957708,-0.019101261918555323,1.2318923730995424,0.2588269473847951,-1.8099057969730836
2024-04-03,89816.13577809445,0.01301030949816906,1.22807814959066,0.2683555219141604,-1.6560036395558657
2024-04-04,90229.2857167685,0.004599952281345132,0.0,0.0,-1.5592452403499033
2024-04-05,90229.2857167685,0.0,0.0,0.0,
2024-04-08,90229.2857167685,0.0,0.0,0.0,
2024-04-09,90229.2857167685,0.0,0.0,0.0,
2024-04-10,90229.2857167685,0.0,0.0,0.0,
2024-04-11,90229.2857167685,0.0,0.0,0.0,
2024-04-12,90229.2857167685,0.0,0.0,0.0,
2024-04-15,90229.2857167685,0.0,0.0,0.0,
2024-04-16,90229.2857167685,0.0,0.0,0.0,
2024-04-17,90229.2857167685,0.0,0.0,0.0,
2024-04-18,90229.2857167685,0.0,0.0,0.0,
2024-04-19,90229.2857167685,0.0,0.0,0.0,
2024-04-22,90229.2857167685,0.0,0.0,0.0,
2024-04-23,90229.2857167685,0.0,0.0,0.0,
2024-04-24,90229.2857167685,0.0,0.0,0.0,
2024-04-25,90229.2857167685,0.0,0.0,0.0,
2024-04-26,90229.2857167685,0.0,0.0,0.0,
2024-04-29,90229.2857167685,0.0,0.0,0.0,
2024-04-30,90229.2857167685,0.0,0.0,0.0,
2024-05-01,90229.2857167685,0.0,0.0,0.0,
2024-05-02,90229.2857167685,0.0,0.0,0.0,
2024-05-03,90229.2857167685,0.0,0.0,0.0,
2024-05-06,90229.2857167685,0.0,0.0,0.0,
2024-05-07,90229.2857167685,0.0,0.0,0.0,
2024-05-08,90229.2857167685,0.0,0.0,0.0,
2024-05-09,90229.2857167685,0.0,0.0,0.0,
2024-05-10,90229.2857167685,0.0,0.0,0.0,
2024-05-13,90229.2857167685,0.0,0.0,0.0,
2024-05-14,90229.2857167685,0.0,0.0,0.0,
2024-05-15,90229.2857167685,0.0,0.0,0.0,
2024-05-16,90229.2857167685,0.0,0.0,0.0,
2024-05-17,90229.2857167685,0.0,0.0,0.0,
2024-05-20,90229.2857167685,0.0,0.0,0.0,
2024-05-21,90229.2857167685,0.0,0.0,0.0,
2024-05-22,90229.2857167685,0.0,0.0,0.0,
2024-05-23,90229.2857167685,0.0,0.0,0.0,
2024-05-24,90229.2857167685,0.0,0.0,0.0,
2024-05-28,90229.2857167685,0.0,0.0,0.0,
2024-05-29,90229.2857167685,0.0,0.0,0.0,
2024-05-30,90229.2857167685,0.0,0.0,0.0,
2024-05-31,90229.2857167685,0.0,0.0,0.0,
2024-06-03,90229.2857167685,0.0,0.0,0.0,
2024-06-04,90229.2857167685,0.0,0.0,0.0,
2024-06-05,90229.2857167685,0.0,0.0,0.0,
2024-06-06,90229.2857167685,0.0,0.0,0.0,
2024-06-07,90229.2857167685,0.0,0.0,0.0,
2024-06-10,90229.2857167685,0.0,0.0,0.0,
2024-06-11,90229.2857167685,0.0,0.0,0.0,
2024-06-12,90229.2857167685,0.0,0.0,0.0,
2024-06-13,90229.2857167685,0.0,0.0,0.0,
2024-06-14,90229.2857167685,0.0,0.0,0.0,
2024-06-17,90229.2857167685,0.0,0.0,0.0,
2024-06-18,90229.2857167685,0.0,0.0,0.0,
2024-06-20,90229.2857167685,0.0,0.0,0.0,
2024-06-21,90229.2857167685,0.0,0.0,0.0,
2024-06-24,90229.2857167685,0.0,0.0,0.0,
2024-06-25,90229.2857167685,0.0,0.0,0.0,
2024-06-26,90229.2857167685,0.0,0.0,0.0,
2024-06-27,90229.2857167685,0.0,0.0,0.0,
2024-06-28,90229.2857167685,0.0,0.0,0.0,
2024-07-01,90229.2857167685,0.0,0.0,0.0,
2024-07-02,90229.2857167685,0.0,0.0,0.0,
2024-07-03,90229.2857167685,0.0,0.0,0.0,
2024-07-05,90229.2857167685,0.0,0.0,0.0,
2024-07-08,90229.2857167685,0.0,0.0,0.0,
2024-07-09,90229.2857167685,0.0,0.0,0.0,
2024-07-10,90229.2857167685,0.0,0.0,0.0,
2024-07-11,90229.2857167685,0.0,0.0,0.0,
2024-07-12,90229.2857167685,0.0,0.0,0.0,
2024-07-15,90229.2857167685,0.0,0.0,0.0,
2024-07-16,90229.2857167685,0.0,0.0,0.0,
2024-07-17,90229.2857167685,0.0,0.0,0.0,
2024-07-18,90229.2857167685,0.0,0.0,0.0,
2024-07-19,90229.2857167685,0.0,0.0,0.0,
2024-07-22,90229.2857167685,0.0,0.0,0.0,
2024-07-23,90229.2857167685,0.0,0.0,0.0,
2024-07-24,90229.2857167685,0.0,0.0,0.0,
2024-07-25,90229.2857167685,0.0,0.0,0.0,
2024-07-26,90229.2857167685,0.0,0.0,0.0,
2024-07-29,90229.2857167685,0.0,0.0,0.0,
2024-07-30,90229.2857167685,0.0,0.0,0.0,
2024-07-31,90229.2857167685,0.0,0.0,0.0,
2024-08-01,90229.2857167685,0.0,0.0,0.0,
2024-08-02,90229.2857167685,0.0,0.0,0.0,
2024-08-05,90229.2857167685,0.0,0.0,0.0,
2024-08-06,90229.2857167685,0.0,0.0,0.0,
2024-08-07,90229.2857167685,0.0,0.0,0.0,
2024-08-08,90229.2857167685,0.0,0.0,0.0,
2024-08-09,90229.2857167685,0.0,0.0,0.0,
2024-08-12,90229.2857167685,0.0,0.0,0.0,
2024-08-13,90229.2857167685,0.0,0.0,0.0,
2024-08-14,90229.2857167685,0.0,0.0,0.0,
2024-08-15,90229.2857167685,0.0,0.0,0.0,
2024-08-16,90229.2857167685,0.0,0.0,0.0,
2024-08-19,90229.2857167685,0.0,0.0,0.0,
2024-08-20,90229.2857167685,0.0,0.0,0.0,
2024-08-21,90229.2857167685,0.0,0.0,0.0,
2024-08-22,90229.2857167685,0.0,0.0,0.0,
2024-08-23,90229.2857167685,0.0,0.0,0.0,
2024-08-26,90229.2857167685,0.0,0.0,0.0,
2024-08-27,90229.2857167685,0.0,0.0,0.0,
2024-08-28,90229.2857167685,0.0,0.0,0.0,
2024-08-29,90229.2857167685,0.0,0.0,0.0,
2024-08-30,90229.2857167685,0.0,0.0,0.0,
2024-09-03,90229.2857167685,0.0,0.0,0.0,
2024-09-04,90229.2857167685,0.0,0.0,0.0,
2024-09-05,90229.2857167685,0.0,0.0,0.0,
2024-09-06,90229.2857167685,0.0,0.0,0.0,
2024-09-09,90229.2857167685,0.0,0.0,0.0,
2024-09-10,90229.2857167685,0.0,0.0,0.0,
2024-09-11,90229.2857167685,0.0,0.0,0.0,
2024-09-12,90229.2857167685,0.0,0.0,0.0,
2024-09-13,90229.2857167685,0.0,0.0,0.0,
2024-09-16,90229.2857167685,0.0,0.0,0.0,
2024-09-17,90229.2857167685,0.0,0.0,0.0,
2024-09-18,90229.2857167685,0.0,0.0,0.0,
2024-09-19,90229.2857167685,0.0,0.0,0.0,
2024-09-20,90229.2857167685,0.0,0.0,0.0,
2024-09-23,90229.2857167685,0.0,0.0,0.0,
2024-09-24,90229.2857167685,0.0,0.0,0.0,
2024-09-25,90229.2857167685,0.0,0.0,0.0,
2024-09-26,90229.2857167685,0.0,0.0,0.0,
2024-09-27,90229.2857167685,0.0,0.0,0.0,
2024-09-30,90229.2857167685,0.0,0.0,0.0,
2024-10-01,90229.2857167685,0.0,0.0,0.0,
2024-10-02,90229.2857167685,0.0,0.0,0.0,
2024-10-03,90229.2857167685,0.0,0.0,0.0,
2024-10-04,90229.2857167685,0.0,0.0,0.0,-0.7547140559027858
2024-10-07,90229.2857167685,0.0,0.0,0.0,-1.1211794338516228
2024-10-08,90184.17107391011,-0.000500000000000056,1.0005002501250626,0.4042839506219134,-1.1777177277440478
2024-10-09,89154.5011153644,-0.011417413347424854,1.0249562039244295,0.3974098445826657,-1.5072880331470377
2024-10-10,88887.58972433502,-0.002993807241251978,1.0307289610880208,0.39560663300231025,-1.5692143130394147
2024-10-11,86735.40449009482,-0.02421243776453741,1.0313483117427231,0.38061614067273675,-2.2830893939545946
2024-10-14,86327.5727298039,-0.004702021771714859,1.0298500192878217,0.3776965117989013,-2.3529910905988896
2024-10-15,86566.96273181596,0.0027730421977845143,1.01523843325754,0.37942386538398953,-2.2250767133266924
2024-10-16,86794.38165545127,0.002627086782978072,1.0077319165850278,0.3810561921651637,-2.099803741820134
2024-10-17,85848.84249794239,-0.01089401340817664,1.008881082886167,0.37424543051605347,-2.3472049326197992
2024-10-18,89792.91041963494,0.04594200465529963,1.0225102909248154,0.401737122411913,-1.1372945375089156
2024-10-21,90309.30867191713,0.005750991363002722,1.0185093961259302,0.4051641765589008,-1.0172748158394036
2024-10-22,89610.15577873647,-0.007741758889115102,1.0221341812472673,0.4005293037413801,-1.2453924317439378
2024-10-23,88585.12008323429,-0.011438833987000074,1.0172712889758238,0.3935989495103411,-1.5797099226505613
2024-10-24,92083.33448160619,0.03948986460801751,1.0302858347498887,0.41664187029593114,-0.4199746079802814
2024-10-25,91908.06609794029,-0.0019033670387001989,0.0,0.0,-0.47564476536559047
2024-10-28,91908.06609794029,0.0,0.0,0.0,-0.7663219443985685
2024-10-29,91908.06609794029,0.0,0.0,0.0,-0.645969994666414
2024-10-30,91908.06609794029,0.0,0.0,0.0,-0.5661033892045305
2024-10-31,91908.06609794029,0.0,0.0,0.0,-0.28802085698636093
2024-11-01,91908.06609794029,0.0,0.0,0.0,-0.39360555025692817
2024-11-04,91908.06609794029,0.0,0.0,0.0,-0.46921322063859705
2024-11-05,91908.06609794029,0.0,0.0,0.0,-1.9240864071763006
2024-11-06,91862.11206489132,-0.0004999999999999449,1.0005002501250626,0.40428395062191325,-1.4276516564232833
2024-11-07,93203.9021572566,0.014606566975266633,1.0042026940118864,0.4128658793232833,-0.9897379738720317
2024-11-08,93588.2146365068,0.004123351816341048,1.0306436658183693,0.41528274073298166,-0.8793284525787427
2024-11-11,95286.97645339851,0.018151450195835528,1.0492525815872922,0.42571298760761916,-0.40792983272041783
2024-11-12,94715.6161162903,-0.005996205970368318,0.0,0.0,-0.5093284482447302
2024-11-13,94715.6161162903,0.0,0.0,0.0,-0.4059102334290149
2024-11-14,94715.6161162903,0.0,0.0,0.0,-0.4485753834622082
2024-11-15,94715.6161162903,0.0,0.0,0.0,-1.3737236349690005
2024-11-18,94668.25830823215,-0.000500000000000056,1.0005002501250626,0.4042839506219134,-0.017535677765177147
2024-11-19,95581.10061275715,0.009642538278805679,0.0,0.0,0.2880433775673429
2024-11-20,95581.10061275715,0.0,0.0,0.0,0.5441810266798469
2024-11-21,95581.10061275715,0.0,0.0,0.0,0.8286413167084471
2024-11-22,95581.10061275715,0.0,0.0,0.0,0.6682012579577037
2024-11-25,95581.10061275715,0.0,0.0,0.0,-0.15193447579728583
2024-11-26,95581.10061275715,0.0,0.0,0.0,-0.17975276947261734
2024-11-27,95581.10061275715,0.0,0.0,0.0,-0.23942090631035404
2024-11-29,95581.10061275715,0.0,0.0,0.0,0.029776704929987022
2024-12-02,95581.10061275715,0.0,0.0,0.0,0.5400544160628721
2024-12-03,95581.10061275715,0.0,0.0,0.0,-0.10026842022239478
2024-12-04,95581.10061275715,0.0,0.0,0.0,0.31753805828956455
2024-12-05,95581.10061275715,0.0,0.0,0.0,0.382606063196453
2024-12-06,95581.10061275715,0.0,0.0,0.0,0.45210577437326394
2024-12-09,95581.10061275715,0.0,0.0,0.0,0.6011860540941955
2024-12-10,95581.10061275715,0.0,0.0,0.0,0.9784123875225467
2024-12-11,95581.10061275715,0.0,0.0,0.0,1.5106820678876156
2024-12-12,95533.31006245076,-0.000500000000000056,1.0005002501250626,-0.40428395062191325,1.140625381528879
2024-12-13,96066.6993969563,0.005583281204815993,1.0126255230225247,-0.39647311219039205,0.9705566754141355
2024-12-16,94480.31494887653,-0.016513364756341686,1.0437691125354562,-0.41990656811649796,1.430843608531247
2024-12-17,93197.77392044071,-0.013574690443504678,1.0605248737616473,-0.4394318898435633,1.7729610078092648
2024-12-18,95549.78933222592,0.025236819645424458,0.9863356796865597,-0.4039848957218815,1.0763009566650652
2024-12-19,96177.51926270477,0.006569663155365335,0.9952018507771374,-0.3948076861942198,0.8952802802395707
2024-12-20,99056.06172480503,0.02992947295965953,0.9870114995508987,-0.35426156162801525,0.050946589680514284
2024-12-23,98459.68995118004,-0.006020547993133452,0.0,0.0,0.2281597839237294
2024-12-24,98459.68995118004,0.0,0.0,0.0,0.8495611299726121
2024-12-26,98459.68995118004,0.0,0.0,0.0,0.6409826054306327
2024-12-27,98459.68995118004,0.0,0.0,0.0,0.3867238667934371
2024-12-30,98459.68995118004,0.0,0.0,0.0,0.2760359497733706
2024-12-31,98459.68995118004,0.0,0.0,0.0,0.1051450401699786
