n_bars,oos_start,oos_end,n_folds,n_traded,n_not_cointegrated,n_not_hedged,n_half_life,n_trades,win_rate,n_zscore_stops,n_loss_stops,n_time_stops,total_return,sharpe,psr,p_value,max_drawdown,time_in_market,median_net_exposure,median_spread_volatility,sharpe_at_0bps,sharpe_at_5bps,sharpe_at_10bps,sharpe_at_20bps,sharpe_frictionless,total_return_frictionless,mean_gross_pnl_bps,mean_cost_bps,pair,family,discovery
3774,2012-01-03,2024-12-31,26,4,22,0,0,10,0.4,0,0,4,-0.021036744697879084,-0.30676791220167043,0.13540757320052227,0.8645924267994778,-0.027674089970657567,0.07217125382262997,0.12442015542472099,0.02075376076849581,-0.16166462388134428,-0.30676791220167043,-0.4446465522532856,-0.6821666579154092,-0.1266785133798689,-0.008803406802861846,-8.959650448583519,12.400422568192347,DIA/IVV,broad_us_equity,False
3774,2012-01-03,2024-12-31,26,1,25,0,0,2,0.0,0,0,1,-0.014924724359782315,-0.21488807171758442,0.21558720428906136,0.7844127957109386,-0.02666357355945448,0.018960244648318043,0.2602942584730036,0.05017945753736662,-0.18446830687051372,-0.21488807171758442,-0.24509276899004712,-0.3038307238149012,-0.17620478669450385,-0.01236870662970968,-62.23443483640498,12.868423760927124,DIA/IWM,broad_us_equity,False
3774,2012-01-03,2024-12-31,26,1,25,0,0,2,0.5,0,0,1,-0.016993803725209866,-0.13593788438040796,0.31157312335818277,0.6884268766418172,-0.034097081890738345,0.01743119266055046,0.2280109025447576,0.08887809210056925,-0.12006712306996005,-0.13593788438040796,-0.1515878115770121,-0.18208758078589155,-0.1148683512636512,-0.014414212847613128,-72.03735111869103,12.994608131333573,DIA/QQQ,broad_us_equity,False
3774,2012-01-03,2024-12-31,26,3,23,0,0,8,0.5,0,0,4,-0.019722040071964098,-0.3081174964855406,0.13412604677731965,0.8658739532226803,-0.021882453210345987,0.06391437308868501,0.11946462385716873,0.018518981237947076,-0.18373405549420102,-0.3081174964855406,-0.4264302823763479,-0.6314799746415916,-0.15130462907360798,-0.009775863092737369,-12.357590655030254,12.592864027400784,DIA/SPY,broad_us_equity,False
3774,2012-01-03,2024-12-31,26,0,26,0,0,0,,0,0,0,0.0,,,,0.0,0.0,0.30536616740875877,,,,,,,0.0,,,IVV/IWM,broad_us_equity,False
3774,2012-01-03,2024-12-31,26,2,24,0,0,4,0.25,0,0,3,-0.03450879002764995,-0.32108106769882866,0.12681891040222731,0.8731810895977727,-0.040501601289494316,0.03363914373088685,0.1751664727673647,0.041938060153396156,-0.2848846618274117,-0.32108106769882866,-0.35657205480946885,-0.4245996056275428,-0.27500997172389574,-0.029690336530553307,-75.29701865398796,12.333062549368357,IVV/QQQ,broad_us_equity,False
3774,2012-01-03,2024-12-31,26,16,4,0,6,71,0.028169014084507043,2,0,0,-0.06678242313364358,-2.4323331518958837,1.0020838323009303e-13,0.9999999999998997,-0.06678242313364358,0.046788990825688076,0.0019440000753094822,0.003036293442715483,0.1170931555371523,-2.4323331518958837,-2.984530504423161,-3.227057206622971,0.20602202442268616,0.0035143920139113494,0.512157038069696,10.224477288375635,IVV/SPY,broad_us_equity,False
3774,2012-01-03,2024-12-31,26,0,26,0,0,0,,0,0,0,0.0,,,,0.0,0.0,0.44243794352724236,,,,,,,0.0,,,IWM/QQQ,broad_us_equity,False
3774,2012-01-03,2024-12-31,26,0,26,0,0,0,,0,0,0,0.0,,,,0.0,0.0,0.3074162013567817,,,,,,,0.0,,,IWM/SPY,broad_us_equity,False
3774,2012-01-03,2024-12-31,26,2,24,0,0,4,0.25,0,0,3,-0.03416426357404567,-0.32425727058711645,0.12577989267802192,0.8742201073219781,-0.039884954709717535,0.03363914373088685,0.17728585695617535,0.041429163254974984,-0.2873475461972775,-0.32425727058711645,-0.36042364364283347,-0.4296405691907804,-0.27727257899704505,-0.029344086659657043,-74.42771898901204,12.33438171418792,QQQ/SPY,broad_us_equity,False
3774,2012-01-03,2024-12-31,26,5,19,2,0,12,0.5833333333333334,0,0,2,-0.04806301621872966,-0.2014954477166556,0.23363066061399823,0.7663693393860018,-0.10037120107509578,0.08440366972477065,0.13333918542852727,0.08376006774106318,-0.15633980150006158,-0.2014954477166556,-0.24620444775001382,-0.3337223634525014,-0.14569065571764273,-0.03546609411883139,-34.195146028857565,12.095611026257712,GDX/GDXJ,precious_metals,False
3774,2012-01-03,2024-12-31,26,1,18,7,0,3,1.0,0,0,1,0.01049218025543519,0.1474120490623489,0.7028363984136716,0.2971636015863284,-0.019643305281894508,0.01743119266055046,0.4516290210597458,0.14152365899914954,0.17746492785932713,0.1474120490623489,0.11740008332949628,0.058147863612782826,0.18407125038802374,0.0131134511433868,61.59776784727141,12.267925088484418,GDX/GLD,precious_metals,False
3774,2012-01-03,2024-12-31,26,1,18,7,0,3,1.0,0,0,1,0.010221905911279361,0.14212780703871353,0.6964350271502194,0.30356497284978057,-0.0197008740376875,0.01743119266055046,0.454624221210866,0.14191554501015913,0.17175164990469005,0.14212780703871353,0.11255809409718197,0.05420083638069077,0.17824380222315728,0.012833833217931634,60.45140644070035,12.260418492958447,GDX/IAU,precious_metals,False
3774,2012-01-03,2024-12-31,26,0,20,6,0,0,,0,0,0,0.0,,,,0.0,0.0,0.6284130418985105,,,,,,,0.0,,,GDXJ/GLD,precious_metals,False
3774,2012-01-03,2024-12-31,26,0,20,6,0,0,,0,0,0,0.0,,,,0.0,0.0,0.6335779828440825,,,,,,,0.0,,,GDXJ/IAU,precious_metals,False
3774,2012-01-03,2024-12-31,26,24,2,0,0,119,0.01680672268907563,1,0,0,-0.11035664324925176,-2.7984531653454594,5.2726399986969314e-33,1.0,-0.11035664324925176,0.11253822629969419,0.0035218231967417135,0.0057320633168654895,0.08650998942083031,-2.7984531653454594,-3.6402550659401283,-4.092715635764668,0.22237083170521882,0.005958880928290444,0.5299428314014447,10.319731431959093,GLD/IAU,precious_metals,False
3774,2012-01-03,2024-12-31,26,0,26,0,0,0,,0,0,0,0.0,,,,0.0,0.0,0.2821085093759727,,,,,,,0.0,,,IAI/KBE,us_banks,False
3774,2012-01-03,2024-12-31,26,0,26,0,0,0,,0,0,0,0.0,,,,0.0,0.0,0.3533871591613562,,,,,,,0.0,,,IAI/KRE,us_banks,False
3774,2012-01-03,2024-12-31,26,3,23,0,0,6,0.3333333333333333,0,0,3,-0.020230331619687236,-0.14544163802930923,0.2994949254714383,0.7005050745285617,-0.03409327254453176,0.04709480122324159,0.19271672129911022,0.047528237130437016,-0.10195322200611023,-0.14544163802930923,-0.1883936010811079,-0.27170980729701955,-0.09081109832129412,-0.012912997188645803,-21.800227359398612,12.365998157620634,IAI/XLF,us_banks,False
3774,2012-01-03,2024-12-31,26,3,23,0,0,5,0.4,0,0,3,-0.00909244942054166,-0.16253162603200347,0.28477581469333024,0.7152241853066698,-0.02015404550294375,0.04342507645259939,0.10959564112099299,0.021217390272845738,-0.07041698077693609,-0.16253162603200347,-0.250226599149508,-0.4041205104556965,-0.04443562695912542,-0.0025531237978186905,-5.108377101122826,13.141639998196718,KBE/KRE,us_banks,False
3774,2012-01-03,2024-12-31,26,0,26,0,0,0,,0,0,0,0.0,,,,0.0,0.0,0.19155798129315077,,,,,,,0.0,,,KBE/XLF,us_banks,False
3774,2012-01-03,2024-12-31,26,0,26,0,0,0,,0,0,0,0.0,,,,0.0,0.0,0.31197905647304813,,,,,,,0.0,,,KRE/XLF,us_banks,False
3774,2012-01-03,2024-12-31,26,8,18,0,0,25,0.4,1,0,3,0.007408276211284148,0.12369495530380172,0.6734939326957793,0.3265060673042207,-0.015287201049509536,0.11712538226299694,0.026507832259115516,0.012285444169114685,0.5484985674907128,0.12369495530380172,-0.2709122356544679,-0.8635629214004834,0.612009449828074,0.03691093439745741,14.798378396699153,11.555868312984154,IYE/XLE,energy,False
3774,2012-01-03,2024-12-31,26,6,18,2,0,15,0.8666666666666667,0,0,1,0.08286272361420988,0.33134940686299946,0.8832569837479711,0.11674301625202888,-0.05920356792015036,0.07400611620795107,0.24098803772704902,0.10222370968029273,0.38705263239470494,0.33134940686299946,0.2752765624457953,0.16293059179018737,0.39663457049925294,0.10047205593440722,69.62265243426211,11.898192959177035,IYE/XOP,energy,False
3774,2012-01-03,2024-12-31,26,6,17,3,0,14,0.6428571428571429,0,0,3,-0.013987745229058213,-0.03880176490130838,0.44440111213746514,0.5555988878625349,-0.09203080767319749,0.08776758409785933,0.1991950411294985,0.07739702717927474,0.008366631412510112,-0.03880176490130838,-0.08575547245947593,-0.17845984060010966,0.018751706519420458,0.0022223598218056306,1.6554045688732915,12.427100927748764,XLE/XOP,energy,False
3774,2012-01-03,2024-12-31,26,2,22,2,0,7,0.2857142857142857,0,0,2,-0.009031992262534483,-0.13906873017487265,0.3094518563394026,0.6905481436605974,-0.015668201562839212,0.04159021406727829,0.0333299004419805,0.02904939195834891,-0.030324891364061274,-0.13906873017487265,-0.24220134340437738,-0.42283336643090846,-0.008946592261281226,-0.0007184005401557059,-1.0306961889964867,11.925811033793519,SMH/SOXX,semiconductors,False
3774,2012-01-03,2024-12-31,26,0,25,1,0,0,,0,0,0,0.0,,,,0.0,0.0,0.1459448765431242,,,,,,,0.0,,,SMH/XSD,semiconductors,False
3774,2012-01-03,2024-12-31,26,0,24,2,0,0,,0,0,0,0.0,,,,0.0,0.0,0.15392067061347234,,,,,,,0.0,,,SOXX/XSD,semiconductors,False
3774,2012-01-03,2024-12-31,26,1,24,1,0,2,0.5,0,0,1,-0.005779430412115372,-0.0554852275721656,0.42105751707828776,0.5789424829217122,-0.03249079561208701,0.01529051987767584,0.16126825857177934,0.07185100033727844,-0.03487233357602438,-0.0554852275721656,-0.07586982524172071,-0.11564525605299551,-0.02945206325377379,-0.00323168112097727,-16.00822867873329,12.747735158512372,ITB/XHB,homebuilders,False
3774,2012-01-03,2024-12-31,26,1,25,0,0,2,0.0,0,0,1,-0.011149682470281586,-0.38595953621641105,0.07535304308929747,0.9246469569107025,-0.01368367085539135,0.016819571865443424,0.10823765786580009,0.01640196232002139,-0.32921143481169346,-0.38595953621641105,-0.43233606631283955,-0.4975523390056501,-0.3077970801270512,-0.008509331441278634,-42.72730054956506,13.268674264666368,IYR/RWR,real_estate,False
3774,2012-01-03,2024-12-31,26,6,20,0,0,14,0.42857142857142855,1,0,3,-0.01573093603168929,-0.2997433269177407,0.1368952253960815,0.8631047746039184,-0.016409970788582195,0.07614678899082569,0.05816326572345393,0.01127327830074641,-0.031340333954165654,-0.2997433269177407,-0.5417102844661474,-0.901743526123059,0.01624141584566518,0.0007354615435610778,0.5303587585055639,11.84431561267851,IYR/VNQ,real_estate,False
3774,2012-01-03,2024-12-31,26,3,23,0,0,14,0.07142857142857142,0,0,1,-0.021376669926099545,-0.32503804793003227,0.11551828610128517,0.8844817138987149,-0.02160469978876467,0.05045871559633028,0.08196630892086681,0.010114842617670972,-0.11429843536572688,-0.32503804793003227,-0.5169863397840896,-0.8220731429316106,-0.08843305835628266,-0.005849403049712376,-4.208156495099024,11.229051016396975,RWR/VNQ,real_estate,False
3774,2012-01-03,2024-12-31,26,3,23,0,0,9,0.3333333333333333,0,0,2,-0.0027325269563239774,-0.09099387149827379,0.3718741565833298,0.6281258434166702,-0.009758689976372747,0.04862385321100918,0.050988989530994344,0.007738825921171242,0.22177360138535274,-0.09099387149827379,-0.3564116229554894,-0.6969593178559961,0.27698712710027074,0.007857284213295346,8.763082045531695,11.73951364531281,IDU/XLU,utilities,False
3774,2012-01-03,2024-12-31,26,3,22,1,0,6,0.3333333333333333,0,0,0,-0.008036015394697782,-0.3816218917628675,0.08621536128789742,0.9137846387121026,-0.008660541510696729,0.03486238532110092,0.056125041166102924,0.013901143074237784,-0.10160331823477689,-0.3816218917628675,-0.5949110678734123,-0.8174955935438228,-0.0419704541179991,-0.0008648381802180971,-1.4436425190040907,11.994969129948068,VDC/XLP,consumer_staples,False
3774,2012-01-03,2024-12-31,26,1,24,1,0,1,1.0,0,0,0,0.001986778935822109,0.16659804574910037,0.7514102141114346,0.2485897858885654,-0.0014980312274144314,0.003363914373088685,0.027190702519561266,0.01681422460898977,0.2598636199988944,0.16659804574910037,0.07646574702233364,-0.0649132482747798,0.2679142887487983,0.0030964324205442484,30.964324205442466,11.09653484722213,IYH/XLV,healthcare,False
3774,2012-01-03,2024-12-31,26,2,22,2,0,6,0.6666666666666666,0,0,0,0.00056636545984734,0.021610745677106562,0.5309840530480743,0.4690159469519257,-0.005442249881298156,0.028440366972477066,0.0759772161400426,0.015593937550874789,0.2518645111389483,0.021610745677106562,-0.1841935490644963,-0.47310550086166625,0.2873118573499361,0.007643897877991135,12.729635562643477,11.75532974252372,IYJ/XLI,industrials,False
3774,2012-01-03,2024-12-31,26,3,23,0,0,7,0.42857142857142855,0,0,0,-0.016470963196814292,-0.23752729447834212,0.1916927073963557,0.8083072926036443,-0.032210660585596074,0.0400611620795107,0.055246274317229754,0.022458926001554025,-0.1353996828867973,-0.23752729447834212,-0.3347208704660952,-0.5062013995298917,-0.1160205479751082,-0.008097053661938358,-11.617813849076216,12.09230454958242,IYW/XLK,technology,False
3774,2012-01-03,2024-12-31,26,1,24,1,0,1,0.0,0,0,1,-0.014334965661943477,-0.28992208991073054,0.14687177919301242,0.8531282208069876,-0.020979257072177404,0.011009174311926606,0.22333519340643615,0.09201233088581082,-0.26836900615087317,-0.28992208991073054,-0.31068159971237636,-0.3491577727714289,-0.2604896286542228,-0.01291005318138938,-129.1005318138927,14.249124805536898,EWG/EWL,developed_europe,False
3774,2012-01-03,2024-12-31,26,0,25,1,0,0,,0,0,0,0.0,,,,0.0,0.0,0.18138428548135416,,,,,,,0.0,,,EWG/EWQ,developed_europe,False
3774,2012-01-03,2024-12-31,26,0,19,7,0,0,,0,0,0,0.0,,,,0.0,0.0,0.2746130534032416,,,,,,,0.0,,,EWG/EWU,developed_europe,False
3774,2012-01-03,2024-12-31,26,3,22,1,0,8,0.75,0,0,1,0.03459793430926772,0.2854711534999079,0.8523553539015439,0.14764464609845607,-0.0173894339881423,0.043119266055045874,0.29170630184174146,0.07872075514418256,0.35106090364796655,0.2854711534999079,0.21940078785375716,0.08850100857617056,0.36370580573690126,0.04435930183275838,55.45485086148966,12.031222792443582,EWL/EWQ,developed_europe,False
3774,2012-01-03,2024-12-31,26,4,20,2,0,8,0.375,0,0,4,-0.03269578250115246,-0.2677178958845721,0.16920343674027122,0.8307965632597287,-0.04397643363073167,0.05840978593272171,0.255868233219277,0.05809042626657106,-0.19999775710415002,-0.2677178958845721,-0.33533801013329684,-0.46737526241935823,-0.1828320581770964,-0.022790078608613262,-28.70835487400206,12.68304928201597,EWL/EWU,developed_europe,False
3774,2012-01-03,2024-12-31,26,3,18,5,0,7,0.8571428571428571,0,0,1,0.022632345670007492,0.1787810472914366,0.7393913595314116,0.26060864046858845,-0.04236752639242114,0.037003058103975535,0.31666455716713726,0.05982380232742329,0.23260378578496282,0.1787810472914366,0.12453308520420298,0.01651125658816506,0.2422342005003867,0.031040668639948032,43.740268894149864,11.735337986938752,EWQ/EWU,developed_europe,False
3774,2012-01-03,2024-12-31,26,3,21,2,0,7,0.2857142857142857,0,0,3,-0.09302417885501801,-0.4804262535118681,0.03526664530512456,0.9647333546948754,-0.09386026426454053,0.046483180428134555,0.31396737478474646,0.08701462661844896,-0.4458646187891172,-0.4804262535118681,-0.5142010267305878,-0.5789990895806935,-0.4384346954257693,-0.08508798194577782,-124.01752023484772,12.265906843854518,EWH/EWJ,developed_asia,False
3774,2012-01-03,2024-12-31,26,3,23,0,0,8,0.625,0,0,3,-0.03968090724628015,-0.23596418528286037,0.19587781624087786,0.8041221837591221,-0.057776832339648365,0.047400611620795105,0.18105927470753333,0.056573915242247905,-0.18881139014716802,-0.23596418528286037,-0.2822209387876327,-0.37117509806321447,-0.17920829134563135,-0.030390576648813616,-39.18176748650879,11.977790422793849,EWH/EWS,developed_asia,False
3774,2012-01-03,2024-12-31,26,9,16,1,0,23,0.6521739130434783,2,0,2,0.03385867043916768,0.1277455646984656,0.6775233595909952,0.3224766404090048,-0.04647849773409407,0.10336391437308869,0.23373266843804588,0.07608062164640604,0.2083794098802865,0.1277455646984656,0.04700472162015134,-0.11306402162566866,0.22068137717691347,0.06161682813385294,25.651610597447917,11.540869393664046,EWH/EWT,developed_asia,False
3774,2012-01-03,2024-12-31,26,2,22,2,0,6,0.8333333333333334,0,0,0,0.013618551801546586,0.08779837335028405,0.6242132979614199,0.3757867020385801,-0.03567607400429229,0.03761467889908257,0.4006929410869051,0.07714830172672016,0.12387170200514294,0.08779837335028405,0.05173598839675249,-0.01976232883133271,0.13171156074097035,0.021013762874451558,34.41833470653678,12.144122202495822,EWH/EWY,developed_asia,False
3774,2012-01-03,2024-12-31,26,4,21,1,0,7,0.42857142857142855,2,0,1,-0.022262414083585758,-0.14063247389514621,0.3013988729572531,0.6986011270427469,-0.057010807580718526,0.028134556574923548,0.5456809029405136,0.0676128795339771,-0.09535542057948086,-0.14063247389514621,-0.18559455676896802,-0.2735872865333387,-0.08963760292708585,-0.01457289036128584,-21.24490957115956,11.156937041927527,EWJ/EWS,developed_asia,False
3774,2012-01-03,2024-12-31,26,2,20,4,0,4,0.75,0,0,1,0.0491411032244804,0.34720246362680096,0.9095629364113818,0.09043706358861825,-0.03130087865960607,0.022935779816513763,0.24293161641112704,0.07593873253094677,0.3774592508401231,0.34720246362680096,0.31681149668764075,0.25612615202330746,0.38354984628737476,0.0542541097358884,134.1049258953393,12.303432025709233,EWJ/EWT,developed_asia,False
3774,2012-01-03,2024-12-31,26,1,23,2,0,3,0.6666666666666666,0,0,1,0.009581496156363611,0.10003341157474988,0.6397136592964485,0.3602863407035515,-0.027754608894516974,0.017737003058103974,0.3393658196798918,0.06747582286638897,0.13029426241369133,0.10003341157474988,0.06969588957220259,0.009498186357992782,0.13650293464066188,0.013221608800540796,43.53303717735701,12.036538566874894,EWJ/EWY,developed_asia,False
3774,2012-01-03,2024-12-31,26,3,21,2,0,5,0.4,0,0,2,-0.013077260998430873,-0.0611598299497147,0.4127356761799745,0.5872643238200255,-0.07665751441078428,0.03394495412844037,0.4066542768444239,0.08136809316948371,-0.03483660199739027,-0.0611598299497147,-0.08738113169852986,-0.13924205541116869,-0.028654667185003854,-0.00689188947768149,-14.0751694140778,12.468640671887314,EWS/EWT,developed_asia,False
3774,2012-01-03,2024-12-31,26,1,22,3,0,1,1.0,0,0,1,0.001858675266982246,0.025534840613420005,0.536713759665371,0.46328624033462895,-0.01933713602317466,0.011009174311926606,0.4207130054396856,0.06701313078045439,0.037754137337289044,0.025534840613420005,0.013314246535310666,-0.010990357521116241,0.04249300778797943,0.003269863841466103,32.69863841466106,14.111885744839626,EWS/EWY,developed_asia,False
3774,2012-01-03,2024-12-31,26,4,21,1,0,9,0.6666666666666666,0,0,1,0.06456397221298604,0.23934297570720706,0.8101778576768958,0.18982214232310424,-0.038595246554811835,0.04862385321100918,0.28312912427260223,0.08255725021420376,0.2734777013202829,0.23934297570720706,0.2053124343436374,0.13787467456737823,0.27901272241031966,0.0758611131113085,81.64145661873322,11.814299756945386,EWT/EWY,developed_asia,False
3774,2012-01-03,2024-12-31,26,0,26,0,0,0,,0,0,0,0.0,,,,0.0,0.0,0.8798517833957732,,,,,,,0.0,,,EWW/EWZ,latin_america,False
3774,2012-01-03,2024-12-31,26,0,21,5,0,0,,0,0,0,0.0,,,,0.0,0.0,0.7588510947860808,,,,,,,0.0,,,IEF/SHY,treasuries,False
3774,2012-01-03,2024-12-31,26,2,19,5,0,4,0.5,0,0,0,-0.009661102567022795,-0.1101945102640721,0.3461975982747354,0.6538024017252646,-0.035037242816353786,0.02507645259938838,0.3570746877112832,0.030446456726190417,-0.06322975023646375,-0.1101945102640721,-0.15653109454380604,-0.24548059996994484,-0.05276056714773892,-0.004777427554392588,-12.019574161018173,12.271778896527422,IEF/TLT,treasuries,False
3774,2012-01-03,2024-12-31,26,0,21,5,0,0,,0,0,0,0.0,,,,0.0,0.0,0.9212251865618577,,,,,,,0.0,,,SHY/TLT,treasuries,False
3774,2012-01-03,2024-12-31,26,20,5,1,0,70,0.2857142857142857,1,0,4,-0.03445227388007499,-0.6249718062816053,0.012995330585015548,0.9870046694149844,-0.035454061308539786,0.21100917431192662,0.042021239580605746,0.008744192371918197,0.6858240186246436,-0.6249718062816053,-1.5634168000656157,-2.4647910896105922,0.8216872820598814,0.04285726768140963,6.197033138177062,11.002946388511239,HYG/JNK,credit,False
3774,2012-01-03,2024-12-31,26,0,22,4,0,0,,0,0,0,0.0,,,,0.0,0.0,0.30905332373878114,,,,,,,0.0,,,HYG/LQD,credit,False
3774,2012-01-03,2024-12-31,26,0,22,4,0,0,,0,0,0,0.0,,,,0.0,0.0,0.34679234827986494,,,,,,,0.0,,,JNK/LQD,credit,False
